{
  "quiz": [
    { "question": "Warum sollte man das Wahlrecht nutzen?", "options": ["Weil wählen lustig ist", "Um seinen Teil zur Politik beizutragen", "Weil man muss"], "correct": 1 },
    { "question": "Wer ist das Staatsoberhaupt in Österreich?", "options": ["Bundespräsident", "Bundeskanzler", "Bundesrat"], "correct": 0 },
    { "question": "Was sind autoritäre Systeme?", "options": ["Diktatur", "Republik mit Gewaltenteilung", "Demokratie"], "correct": 0 },
    { "question": "Seit wann dürfen Frauen in Österreich wählen?", "options": ["1916", "1918", "1920"], "correct": 1 },
    { "question": "Ab wann durften alle Frauen in Europa wählen?", "options": ["1990", "1945", "1984"], "correct": 2 }
  ],
  "facts": [
    "Österreich ist seit dem 12. November 1918 eine Republik.",
    "Das Bundes-Verfassungsgesetz (B-VG) regelt die grundlegenden Strukturen des Staates in Österreich.",
    "Seit 2007 liegt das aktive Wahlalter in Österreich bei 16 Jahren.",
    "Der Nationalrat besteht aus 183 Abgeordneten.",
    "Die immerwährende Neutralität wurde am 26. Oktober 1955 gesetzlich erklärt.",
    "Das Staatsoberhaupt ist der Bundespräsident.",
    "Österreich ist eine parlamentarische Republik."
  ]
}